id,firstname,lastname,email,employee_type
100,Cissiee,Rugen,Cissiee.Rugen@company.com,part-time
101,Sonni,Baudin,Sonni.Baudin@company.com,full-time
102,Kara-Lynn,Dorine,Kara-Lynn.Dorine@company.com,part-time
103,Claresta,Grosz,Claresta.Grosz@company.com,part-time
104,Konstance,Carri,Konstance.Carri@company.com,full-time
105,Sashenka,Tacye,Sashenka.Tacye@company.com,full-time
106,Jacenta,Gahl,Jacenta.Gahl@company.com,part-time
107,Drucie,Bebe,Drucie.Bebe@company.com,full-time
108,Odessa,Zuzana,Odessa.Zuzana@company.com,part-time
109,Stephie,Dari.Stephie@company.com,part-time
110,Jobi,Lattie,Jobi.Lattie@company.com,contractor
111,Siana,Soneson,Siana.Soneson@company.com,full-time
112,Joane,Jacqui,Joane.Jacqui@company.com,full-time
113,Gusty,Screens,Gusty.Screens@company.com,part-time
114,Goldie,Kinnard,Goldie.Kinnard@company.com,contractor
115,Deedee,Schenck,Deedee.Schenck@company.com,part-time
116,Clementine,Emanuel,Clementine.Emanuel@company.com,full-time
117,Nikki,Colp,Nikki.Colp@company.com,part-time
118,Berget,Richers,Berget.Richers@company.com,part-time
119,Kittie,Urias,Kittie.Urias@company.com,part-time
120,Maryellen,Ailyn,Maryellen.Ailyn@company.com,full-time
121,Nessie,Bevin,Nessie.Bevin@company.com,full-time
122,Addia,Geffner,Addia.Geffner@company.com,full-time
123,Sharlene,Persse,Sharlene.Persse@company.com,full-time
124,Valera,Beebe,Valera.Beebe@company.com,part-time
125,Gianina,Primalia,Gianina.Primalia@company.com,contractor
126,Nelle,Shanley,Nelle.Shanley@company.com,full-time
127,Britni,Noman,Britni.Noman@company.com,contractor
128,Winifred,Baylor,Winifred.Baylor@company.com,contractor
129,Donnie,Lalitta,Donnie.Lalitta@company.com,contractor
130,Carilyn,Seagraves,Carilyn.Seagraves@company.com,contractor
131,Katleen,Hermes,Katleen.Hermes@company.com,full-time
132,Ermengarde,Sandye,Ermengarde.Sandye@company.com,part-time
133,Caryl,Henebry,Caryl.Henebry@company.com,full-time
134,Deloria,Thar,Deloria.Thar@company.com,part-time
135,Yolane,Tristram,Yolane.Tristram@company.com,full-time
136,Bibby,Salvidor,Bibby.Salvidor@company.com,contractor
137,Hannis,Sprage,Hannis.Sprage@company.com,part-time
138,Brietta,Gaulin,Brietta.Gaulin@company.com,contractor
139,Elsie,Linehan,Elsie.Linehan@company.com,full-time
140,Esmeralda,Clywd,Esmeralda.Clywd@company.com,part-time
141,Riannon,Barney,Riannon.Barney@company.com,part-time
142,Sissy,Moseley,Sissy.Moseley@company.com,full-time
143,Elbertina,Alisia,Elbertina.Alisia@company.com,full-time
144,Bertine,Philipp,Bertine.Philipp@company.com,contractor
145,Charlena,Screens,Charlena.Screens@company.com,contractor
146,Sherrie,Terencio,Sherrie.Terencio@company.com,full-time
147,Karolina,Naashom,Karolina.Naashom@company.com,part-time
148,Barbi,Gregrory,Barbi.Gregrory@company.com,contractor
149,Sara-Ann,Harl,Sara-Ann.Harl@company.com,part-time
150,Tonia,Daveta,Tonia.Daveta@company.com,contractor
151,Devina,Wesle,Devina.Wesle@company.com,part-time
152,Ada,Martsen,Ada.Martsen@company.com,full-time
153,Linzy,Sheedy,Linzy.Sheedy@company.com,full-time
154,Orelia,Cyrie,Orelia.Cyrie@company.com,part-time
155,Britni,Wu,Britni.Wu@company.com,contractor
156,Bertine,McClimans,Bertine.McClimans@company.com,part-time
157,Lorne,Konyn,Lorne.Konyn@company.com,part-time
158,Wynne,Drisko,Wynne.Drisko@company.com,full-time
159,Meg,Hachmin,Meg.Hachmin@company.com,contractor
160,Josephine,Catie,Josephine.Catie@company.com,contractor
161,Pierette,Chrystel,Pierette.Chrystel@company.com,contractor
162,Ronna,Lucienne,Ronna.Lucienne@company.com,contractor
163,Britte,Bergman,Britte.Bergman@company.com,part-time
164,Margalo,Pip,Margalo.Pip@company.com,full-time
165,Vevay,Casimir,Vevay.Casimir@company.com,contractor
166,Genevra,Brandice,Genevra.Brandice@company.com,full-time
167,Perry,Rosalba,Perry.Rosalba@company.com,part-time
168,Joeann,Ferino,Joeann.Ferino@company.com,contractor
169,Annora,Munn,Annora.Munn@company.com,full-time
170,Shirlee,Gerge,Shirlee.Gerge@company.com,full-time
171,Liana,Merriott,Liana.Merriott@company.com,part-time
172,Constance,Kendrick,Constance.Kendrick@company.com,contractor
173,Mamie,Bearnard,Mamie.Bearnard@company.com,full-time
174,Zondra,Simmonds,Zondra.Simmonds@company.com,contractor
175,Clementine,Cherianne,Clementine.Cherianne@company.com,contractor
176,Sharlene,Marijo,Sharlene.Marijo@company.com,contractor
177,Sissy,Arne,Sissy.Arne@company.com,contractor
178,Dyann,Gower,Dyann.Gower@company.com,contractor
179,Dagmar,MacIntosh,Dagmar.MacIntosh@company.com,full-time
180,Misha,Miru,Misha.Miru@company.com,contractor
181,Rubie,Brady,Rubie.Brady@company.com,part-time
182,Stevana,Dorothy,Stevana.Dorothy@company.com,full-time
183,Mariann,Clara,Mariann.Clara@company.com,part-time
184,Kelly,Westphal,Kelly.Westphal@company.com,contractor
185,Randa,Rosemary,Randa.Rosemary@company.com,contractor
186,Dagmar,Quinn,Dagmar.Quinn@company.com,full-time
187,Jan,Ashely,Jan.Ashely@company.com,contractor
188,Ellette,Sallyann,Ellette.Sallyann@company.com,full-time
189,Steffane,Gaspard,Steffane.Gaspard@company.com,part-time
190,Millie,Riordan,Millie.Riordan@company.com,full-time
191,Alie,Zuzana,Alie.Zuzana@company.com,part-time
192,Emelina,Anderea,Emelina.Anderea@company.com,contractor
193,Leeanne,Allare,Leeanne.Allare@company.com,contractor
194,Clary,Clarissa,Clary.Clarissa@company.com,contractor
195,Chere,Fiann,Chere.Fiann@company.com,part-time
196,Carree,Thema,Carree.Thema@company.com,full-time
197,Jany,Colyer,Jany.Colyer@company.com,part-time
198,Dotty,Thilda,Dotty.Thilda@company.com,part-time
199,Sharlene,Kesley,Sharlene.Kesley@company.com,contractor
200,Meg,Lorenz,Meg.Lorenz@company.com,part-time
201,Tera,Berard,Tera.Berard@company.com,full-time
202,Marita,Eldrid,Marita.Eldrid@company.com,part-time
203,Gianina,Longfellow,Gianina.Longfellow@company.com,contractor
204,Hermione,Lemuela,Hermione.Lemuela@company.com,contractor
205,Frieda,Moina,Frieda.Moina@company.com,part-time
206,Cacilie,Malvino,Cacilie.Malvino@company.com,part-time
207,Blake,Lilas,Blake.Lilas@company.com,contractor
208,Jenilee,Klotz,Jenilee.Klotz@company.com,full-time
209,Dotty,Hermes,Dotty.Hermes@company.com,full-time
210,Linzy,Heisel,Linzy.Heisel@company.com,full-time
211,Imojean,Clara,Imojean.Clara@company.com,contractor
212,Arabel,Arvo,Arabel.Arvo@company.com,contractor
213,Nerta,Chauncey,Nerta.Chauncey@company.com,full-time
214,Basia,Glovsky,Basia.Glovsky@company.com,full-time
215,Selia,Fabiola,Selia.Fabiola@company.com,contractor
216,Romona,Jobi,Romona.Jobi@company.com,part-time
217,Kelly,Emmaline,Kelly.Emmaline@company.com,contractor
218,Ilse,Phyllis,Ilse.Phyllis@company.com,contractor
219,Gabriellia,Dichy,Gabriellia.Dichy@company.com,contractor
220,Miquela,Ader,Miquela.Ader@company.com,full-time
221,Noelle,Bryna,Noelle.Bryna@company.com,contractor
222,Ada,Pettiford,Ada.Pettiford@company.com,contractor
223,Carolina,Nisbet,Carolina.Nisbet@company.com,part-time
224,Joelly,Arley,Joelly.Arley@company.com,part-time
225,Katharina,Vittoria,Katharina.Vittoria@company.com,part-time
226,Jenda,Fabiola,Jenda.Fabiola@company.com,part-time
227,Codie,Urias,Codie.Urias@company.com,contractor
228,Imojean,Darbie,Imojean.Darbie@company.com,contractor
229,Janis,Irmine,Janis.Irmine@company.com,full-time
230,Kylynn,Thema,Kylynn.Thema@company.com,contractor
231,Gabi,Willie,Gabi.Willie@company.com,part-time
232,Janenna,Hailee,Janenna.Hailee@company.com,part-time
233,Aurore,Faust,Aurore.Faust@company.com,contractor
234,Krystle,Rudolph,Krystle.Rudolph@company.com,full-time
235,Gaylene,Vins,Gaylene.Vins@company.com,full-time
236,Micheline,Orlene,Micheline.Orlene@company.com,part-time
237,Sallie,Martguerita,Sallie.Martguerita@company.com,part-time
238,Linet,Alexandr,Linet.Alexandr@company.com,part-time
239,Jerry,Sadowski,Jerry.Sadowski@company.com,contractor
240,Raina,Orelee,Raina.Orelee@company.com,full-time
241,Lorenza,Stilwell,Lorenza.Stilwell@company.com,full-time
242,Diena,Ruvolo,Diena.Ruvolo@company.com,contractor
243,Andeee,Henebry,Andeee.Henebry@company.com,part-time
244,Priscilla,Taam,Priscilla.Taam@company.com,contractor
245,Dagmar,Hanleigh,Dagmar.Hanleigh@company.com,contractor
246,Violet,Margret,Violet.Margret@company.com,part-time
247,Amii,McGrody,Amii.McGrody@company.com,full-time
248,Jaime,Johnsson,Jaime.Johnsson@company.com,contractor
249,Jackie,Knowling,Jackie.Knowling@company.com,part-time
250,Henriette,Skurnik,Henriette.Skurnik@company.com,contractor
251,Stevana,Leifeste,Stevana.Leifeste@company.com,contractor
252,Benita,Barrus,Benita.Barrus@company.com,full-time
253,Bobinette,Natalia,Bobinette.Natalia@company.com,part-time
254,Consuela,Shelba,Consuela.Shelba@company.com,part-time
255,Marinna,Eben,Marinna.Eben@company.com,part-time
256,Claresta,Milson,Claresta.Milson@company.com,full-time
257,Patricia,Lilybelle,Patricia.Lilybelle@company.com,contractor
258,Kalina,Michella,Kalina.Michella@company.com,contractor
259,Violet,Revkah,Violet.Revkah@company.com,full-time
260,Cordi,Niccolo,Cordi.Niccolo@company.com,part-time
261,Evaleen,Gladstone,Evaleen.Gladstone@company.com,contractor
262,Charlena,Berriman,Charlena.Berriman@company.com,part-time
263,Darlleen,Jacobah,Darlleen.Jacobah@company.com,part-time
264,Kristan,Ardeha,Kristan.Ardeha@company.com,contractor
265,Gusella,Goddard,Gusella.Goddard@company.com,contractor
266,Coral,Alisia,Coral.Alisia@company.com,part-time
267,Daune,Luhe,Daune.Luhe@company.com,contractor
268,Reeba,Allys,Reeba.Allys@company.com,full-time
269,Joy,Ariella,Joy.Ariella@company.com,full-time
270,Viki,Madaih,Viki.Madaih@company.com,contractor
271,Elise,Cimbura,Elise.Cimbura@company.com,full-time
272,Tamqrah,Terrence,Tamqrah.Terrence@company.com,full-time
273,Cathyleen,Izaak,Cathyleen.Izaak@company.com,contractor
274,Alie,Ramona,Alie.Ramona@company.com,contractor
275,Caryl,Travax,Caryl.Travax@company.com,contractor
276,Tami,Edmund,Tami.Edmund@company.com,full-time
277,Ardenia,Cleo,Ardenia.Cleo@company.com,part-time
278,Max,Sparhawk,Max.Sparhawk@company.com,contractor
279,Cyb,Alejoa,Cyb.Alejoa@company.com,contractor
280,Madalyn,Kylander,Madalyn.Kylander@company.com,part-time
281,Annabela,Phyllis,Annabela.Phyllis@company.com,part-time
282,Daphne,Lynn,Daphne.Lynn@company.com,part-time
283,Sibella,Shanley,Sibella.Shanley@company.com,part-time
284,Imojean,Wildermuth,Imojean.Wildermuth@company.com,full-time
285,Pearline,Selway,Pearline.Selway@company.com,part-time
286,Courtnay,Koehler,Courtnay.Koehler@company.com,full-time
287,Fawne,Fontana,Fawne.Fontana@company.com,contractor
288,Jackie,Juan,Jackie.Juan@company.com,part-time
289,Emelina,Sherfield,Emelina.Sherfield@company.com,full-time
290,Alyssa,Simmonds,Alyssa.Simmonds@company.com,full-time
291,Delilah,Dosia,Delilah.Dosia@company.com,full-time
292,Debee,Sheedy,Debee.Sheedy@company.com,contractor
293,Tersina,Pierette,Tersina.Pierette@company.com,part-time
294,Brandise,Sparhawk,Brandise.Sparhawk@company.com,full-time
295,Cherrita,Sherfield,Cherrita.Sherfield@company.com,part-time
296,Kylynn,Santoro,Kylynn.Santoro@company.com,contractor
297,Alie,Trinetta,Alie.Trinetta@company.com,part-time
298,Gretal,Katrine,Gretal.Katrine@company.com,full-time
299,Nyssa,Joachim,Nyssa.Joachim@company.com,part-time
300,Hildegaard,Denis,Hildegaard.Denis@company.com,part-time
301,Gusella,Amand,Gusella.Amand@company.com,full-time
302,Kittie,Liva,Kittie.Liva@company.com,part-time
303,Dale,Mata,Dale.Mata@company.com,contractor
304,Perry,Wildermuth,Perry.Wildermuth@company.com,part-time
305,Sean,Colleen,Sean.Colleen@company.com,full-time
306,Aigneis,Sadowski,Aigneis.Sadowski@company.com,contractor
307,Letizia,Stevy,Letizia.Stevy@company.com,contractor
308,Trixi,Arvo,Trixi.Arvo@company.com,part-time
309,Doro,Kimmie,Doro.Kimmie@company.com,full-time
310,Natka,Stefa,Natka.Stefa@company.com,part-time
311,Louella,Redmond,Louella.Redmond@company.com,contractor
312,Linzy,Judye,Linzy.Judye@company.com,full-time
313,Nelle,Leifeste,Nelle.Leifeste@company.com,full-time
314,Delilah,Tristram,Delilah.Tristram@company.com,full-time
315,Celestyna,Hull,Celestyna.Hull@company.com,full-time
316,Alexine,Bertold,Alexine.Bertold@company.com,full-time
317,Constance,Schwejda,Constance.Schwejda@company.com,contractor
318,Kirbee,Urias,Kirbee.Urias@company.com,contractor
319,Lesly,Christal,Lesly.Christal@company.com,full-time
320,Tamqrah,Alfons,Tamqrah.Alfons@company.com,contractor
321,Fawne,Valerio,Fawne.Valerio@company.com,contractor
322,Jennica,Chabot,Jennica.Chabot@company.com,part-time
323,Emma,Cleavland,Emma.Cleavland@company.com,contractor
324,Alie,Casimir,Alie.Casimir@company.com,full-time
325,Dawn,Deegan,Dawn.Deegan@company.com,contractor
326,Emma,Aida,Emma.Aida@company.com,full-time
327,Frieda,Hourigan,Frieda.Hourigan@company.com,contractor
328,Gloria,Syd,Gloria.Syd@company.com,contractor
329,Sophia,Guildroy,Sophia.Guildroy@company.com,contractor
330,Fanchon,Yoko,Fanchon.Yoko@company.com,contractor
331,Gisela,Krystle,Gisela.Krystle@company.com,contractor
332,Debee,Prober,Debee.Prober@company.com,part-time
333,Jinny,Beebe,Jinny.Beebe@company.com,part-time
334,Louella,Hollingsworth,Louella.Hollingsworth@company.com,full-time
335,Perry,Yuille,Perry.Yuille@company.com,contractor
336,Maye,Hylan,Maye.Hylan@company.com,contractor
337,Imojean,Stoller,Imojean.Stoller@company.com,contractor
338,Kaia,Old,Kaia.Old@company.com,full-time
339,Arlena,Pascia,Arlena.Pascia@company.com,part-time
340,Angelique,Borrell,Angelique.Borrell@company.com,contractor
341,Fina,Iphlgenia,Fina.Iphlgenia@company.com,part-time
342,Monika,Tengdin,Monika.Tengdin@company.com,part-time
343,Melanie,Soneson,Melanie.Soneson@company.com,full-time
344,Roberta,Meli,Roberta.Meli@company.com,part-time
345,Tomasina,Evvie,Tomasina.Evvie@company.com,contractor
346,Malina,Goldina,Malina.Goldina@company.com,contractor
347,Genovera,Carvey,Genovera.Carvey@company.com,part-time
348,Nannie,Abram,Nannie.Abram@company.com,part-time
349,Lilith,Ralfston,Lilith.Ralfston@company.com,contractor
350,Almeta,Granoff,Almeta.Granoff@company.com,contractor
351,Fernande,Chandler,Fernande.Chandler@company.com,full-time
352,Elie,Autrey,Elie.Autrey@company.com,part-time
353,Larine,Adrienne,Larine.Adrienne@company.com,contractor
354,Nonnah,Arquit,Nonnah.Arquit@company.com,full-time
355,Feliza,Rubie,Feliza.Rubie@company.com,contractor
356,Barbi,Malvino,Barbi.Malvino@company.com,contractor
357,Roz,Mathilde,Roz.Mathilde@company.com,contractor
358,Collen,Codding,Collen.Codding@company.com,full-time
359,Alexine,Grayce,Alexine.Grayce@company.com,contractor
360,Randa,Skurnik,Randa.Skurnik@company.com,part-time
361,Libbie,Lorenz,Libbie.Lorenz@company.com,part-time
362,Vevay,Soneson,Vevay.Soneson@company.com,full-time
363,Dione,Yuille,Dione.Yuille@company.com,part-time
364,Katharina,Stuart,Katharina.Stuart@company.com,full-time
365,Elie,Winthorpe,Elie.Winthorpe@company.com,contractor
366,Sharlene,Stilwell,Sharlene.Stilwell@company.com,contractor
367,Meriel,Ackerley,Meriel.Ackerley@company.com,contractor
368,Sharlene,Hashim,Sharlene.Hashim@company.com,part-time
369,Lynnea,Viddah,Lynnea.Viddah@company.com,full-time
370,Sonni,Hertzfeld,Sonni.Hertzfeld@company.com,part-time
371,Annabela,Tyson,Annabela.Tyson@company.com,full-time
372,Lesly,Klemperer,Lesly.Klemperer@company.com,full-time
373,Gabriellia,Helfand,Gabriellia.Helfand@company.com,contractor
374,Theodora,Madaih,Theodora.Madaih@company.com,contractor
375,Aurelie,Means,Aurelie.Means@company.com,part-time
376,Ardys,Tristram,Ardys.Tristram@company.com,full-time
377,Benita,Bevin,Benita.Bevin@company.com,contractor
378,Selma,Croix,Selma.Croix@company.com,full-time
379,Aimil,Vanni,Aimil.Vanni@company.com,full-time
380,Ronna,MacIntosh,Ronna.MacIntosh@company.com,full-time
381,Frank,Center,Frank.Center@company.com,part-time
382,Jan,Ralfston,Jan.Ralfston@company.com,part-time
383,Riannon,Wadell,Riannon.Wadell@company.com,full-time
384,Gilligan,Randene,Gilligan.Randene@company.com,part-time
385,Ketti,Tound,Ketti.Tound@company.com,part-time
386,Adriana,Palocz,Adriana.Palocz@company.com,full-time
387,Elie,Connelly,Elie.Connelly@company.com,part-time
388,Millie,Bates,Millie.Bates@company.com,contractor
389,Rosabelle,Creamer,Rosabelle.Creamer@company.com,full-time
390,Viviene,Zola,Viviene.Zola@company.com,part-time
391,Priscilla,Craggie,Priscilla.Craggie@company.com,contractor
392,Kamilah,Tybald,Kamilah.Tybald@company.com,contractor
393,Ricky,Giff,Ricky.Giff@company.com,full-time
394,Olwen,Malvino,Olwen.Malvino@company.com,contractor
395,Tersina,Neva,Tersina.Neva@company.com,contractor
396,Dorthy,Radu,Dorthy.Radu@company.com,contractor
397,Babita,Yam,Babita.Yam@company.com,full-time
398,Angela,Freddi,Angela.Freddi@company.com,full-time
399,Mary,McNully,Mary.McNully@company.com,contractor
400,Joleen,Kenwood,Joleen.Kenwood@company.com,full-time
401,Dolli,Nance,Dolli.Nance@company.com,full-time
402,Annabela,Jefferey,Annabela.Jefferey@company.com,part-time
403,Elfreda,Hebner,Elfreda.Hebner@company.com,part-time
404,Marleah,Westphal,Marleah.Westphal@company.com,part-time
405,Mahalia,Gwenore,Mahalia.Gwenore@company.com,part-time
406,Lizzie,Manolo,Lizzie.Manolo@company.com,part-time
407,Kassey,Loleta,Kassey.Loleta@company.com,full-time
408,Edee,Standing,Edee.Standing@company.com,part-time
409,Cyb,Reinke,Cyb.Reinke@company.com,part-time
410,Paulita,Pitt,Paulita.Pitt@company.com,full-time
411,Elyssa,Isacco,Elyssa.Isacco@company.com,contractor
412,Lorne,Kamaria,Lorne.Kamaria@company.com,contractor
413,Philis,Brenn,Philis.Brenn@company.com,full-time
414,Lusa,Lorain,Lusa.Lorain@company.com,part-time
415,Ofilia,Jehu,Ofilia.Jehu@company.com,full-time
416,Clary,Dulciana,Clary.Dulciana@company.com,full-time
417,Evaleen,Chinua,Evaleen.Chinua@company.com,part-time
418,Annecorinne,Wooster,Annecorinne.Wooster@company.com,part-time
419,Marline,Beniamino,Marline.Beniamino@company.com,part-time
420,Heida,Zina,Heida.Zina@company.com,contractor
421,Elka,Thar,Elka.Thar@company.com,full-time
422,Tybie,Salchunas,Tybie.Salchunas@company.com,part-time
423,Rosabelle,Allina,Rosabelle.Allina@company.com,contractor
424,Tersina,Kristi,Tersina.Kristi@company.com,full-time
425,Berget,Dituri,Berget.Dituri@company.com,contractor
426,Gilligan,Lacombe,Gilligan.Lacombe@company.com,contractor
427,Susan,Delp,Susan.Delp@company.com,contractor
428,Edith,Rossner,Edith.Rossner@company.com,contractor
429,Winny,Lattie,Winny.Lattie@company.com,part-time
430,Cyb,Honoria,Cyb.Honoria@company.com,full-time
431,Tomasina,Gaynor,Tomasina.Gaynor@company.com,part-time
432,Dolli,Goerke,Dolli.Goerke@company.com,contractor
433,Christal,Hillel,Christal.Hillel@company.com,contractor
434,Lanna,Bonucci,Lanna.Bonucci@company.com,full-time
435,Helena,Center,Helena.Center@company.com,contractor
436,Cathyleen,Jefferey,Cathyleen.Jefferey@company.com,contractor
437,Jessy,Lacombe,Jessy.Lacombe@company.com,part-time
438,Annecorinne,Christal,Annecorinne.Christal@company.com,full-time
439,Yetty,Ortrude,Yetty.Ortrude@company.com,contractor
440,Tatiania,Campball,Tatiania.Campball@company.com,part-time
441,Tarra,Raychel,Tarra.Raychel@company.com,part-time
442,Mignon,Raama,Mignon.Raama@company.com,full-time
443,Raquela,Colleen,Raquela.Colleen@company.com,full-time
444,Cam,Delacourt,Cam.Delacourt@company.com,part-time
445,Chandra,Kat,Chandra.Kat@company.com,part-time
446,Caritta,Zaslow,Caritta.Zaslow@company.com,part-time
447,Zia,Parsaye,Zia.Parsaye@company.com,contractor
448,Belinda,Rese,Belinda.Rese@company.com,full-time
449,Kalina,Brieta,Kalina.Brieta@company.com,part-time
450,Joane,Artie,Joane.Artie@company.com,part-time
451,Jere,Anton,Jere.Anton@company.com,full-time
452,Nollie,Sancho,Nollie.Sancho@company.com,contractor
453,Althea,Liebermann,Althea.Liebermann@company.com,contractor
454,Cecile,Bryna,Cecile.Bryna@company.com,part-time
455,Kayla,Bevin,Kayla.Bevin@company.com,contractor
456,Ketti,Colleen,Ketti.Colleen@company.com,contractor
457,Aurore,Kirbee,Aurore.Kirbee@company.com,part-time
458,Harrietta,Valerio,Harrietta.Valerio@company.com,full-time
459,Peri,Lilybelle,Peri.Lilybelle@company.com,part-time
460,Marsiella,Morrill,Marsiella.Morrill@company.com,contractor
461,Oralee,Angelis,Oralee.Angelis@company.com,full-time
462,Jillayne,Junie,Jillayne.Junie@company.com,contractor
463,Alleen,Shaddock,Alleen.Shaddock@company.com,full-time
464,Hermione,Jillane,Hermione.Jillane@company.com,contractor
465,Gwenneth,Modie,Gwenneth.Modie@company.com,part-time
466,Shirlee,Wind,Shirlee.Wind@company.com,part-time
467,Sindee,Ursulette,Sindee.Ursulette@company.com,full-time
468,Lolita,Amadas,Lolita.Amadas@company.com,contractor
469,Zia,Fink,Zia.Fink@company.com,contractor
470,Tracey,Martsen,Tracey.Martsen@company.com,full-time
471,Nickie,McLaughlin,Nickie.McLaughlin@company.com,full-time
472,Sharlene,Francene,Sharlene.Francene@company.com,contractor
473,Jsandye,Alexandr,Jsandye.Alexandr@company.com,contractor
474,Lanae,Horan,Lanae.Horan@company.com,part-time
475,Valera,Loring,Valera.Loring@company.com,part-time
476,Lacie,Fiester,Lacie.Fiester@company.com,part-time
477,Gratia,Roarke,Gratia.Roarke@company.com,full-time
478,Tybie,Bord,Tybie.Bord@company.com,part-time
479,Georgina,Nance,Georgina.Nance@company.com,part-time
480,Alejandra,Hepsibah,Alejandra.Hepsibah@company.com,full-time
481,Lesly,Odysseus,Lesly.Odysseus@company.com,full-time
482,Robinia,Georas,Robinia.Georas@company.com,contractor
483,Sharai,Ricarda,Sharai.Ricarda@company.com,contractor
484,Netty,Hailee,Netty.Hailee@company.com,contractor
485,Stacey,Ferrell,Stacey.Ferrell@company.com,part-time
486,Magdalena,Elo,Magdalena.Elo@company.com,contractor
487,Roslyn,Pettiford,Roslyn.Pettiford@company.com,full-time
488,Shell,Gert,Shell.Gert@company.com,part-time
489,Marita,Old,Marita.Old@company.com,contractor
490,Atlanta,Skell,Atlanta.Skell@company.com,full-time
491,Jobi,Sacken,Jobi.Sacken@company.com,contractor
492,Marjie,Yate,Marjie.Yate@company.com,contractor
493,Adele,Wenoa,Adele.Wenoa@company.com,part-time
494,Beth,Rosette,Beth.Rosette@company.com,full-time
495,Ermengarde,Cristi,Ermengarde.Cristi@company.com,contractor
496,Rozele,Irmine,Rozele.Irmine@company.com,part-time
497,Elvira,Nerita,Elvira.Nerita@company.com,part-time
498,Donnie,Edvard,Donnie.Edvard@company.com,full-time
499,Cyndie,Bollay,Cyndie.Bollay@company.com,contractor
500,Lelah,Plato,Lelah.Plato@company.com,full-time
501,Sybille,Poppy,Sybille.Poppy@company.com,full-time
502,Nananne,Viddah,Nananne.Viddah@company.com,part-time
503,Ninnetta,Joseph,Ninnetta.Joseph@company.com,full-time
504,Shel,Sibyls,Shel.Sibyls@company.com,part-time
505,Madeleine,Lamoree,Madeleine.Lamoree@company.com,contractor
506,Wendi,Kenney,Wendi.Kenney@company.com,full-time
507,Mary,Bethany,Mary.Bethany@company.com,part-time
508,Lilith,Harned,Lilith.Harned@company.com,part-time
509,Genevra,Darian,Genevra.Darian@company.com,full-time
510,Jerry,MacIntosh,Jerry.MacIntosh@company.com,contractor
511,Sean,Havens,Sean.Havens@company.com,contractor
512,Joleen,Erskine,Joleen.Erskine@company.com,contractor
513,Kristina,Judye,Kristina.Judye@company.com,full-time
514,Gabi,Lattie,Gabi.Lattie@company.com,full-time
515,Raquela,Sprage,Raquela.Sprage@company.com,part-time
516,Mamie,Slifka,Mamie.Slifka@company.com,full-time
517,Joane,Paton,Joane.Paton@company.com,contractor
518,Clarice,Aida,Clarice.Aida@company.com,contractor
519,Kirstin,Publia,Kirstin.Publia@company.com,part-time
520,Ada,Ietta,Ada.Ietta@company.com,part-time
521,Marline,Duwalt,Marline.Duwalt@company.com,full-time
522,Leeanne,Chabot,Leeanne.Chabot@company.com,part-time
523,Dulce,Sheng,Dulce.Sheng@company.com,contractor
524,Beatriz,Chauncey,Beatriz.Chauncey@company.com,part-time
525,Doralynne,Armanda,Doralynne.Armanda@company.com,contractor
526,Zaria,Ashok,Zaria.Ashok@company.com,part-time
527,Pollyanna,Mullane,Pollyanna.Mullane@company.com,full-time
528,Bee,Nicoline,Bee.Nicoline@company.com,full-time
529,Dolli,Jalbert,Dolli.Jalbert@company.com,full-time
530,Allis,Sheedy,Allis.Sheedy@company.com,part-time
531,Norine,Lissi,Norine.Lissi@company.com,part-time
532,Glenda,Arley,Glenda.Arley@company.com,contractor
533,Karly,Zamora,Karly.Zamora@company.com,contractor
534,Micheline,Doig,Micheline.Doig@company.com,full-time
535,Hannis,Secrest,Hannis.Secrest@company.com,contractor
536,Christy,Olnee,Christy.Olnee@company.com,full-time
537,Florencia,Angelis,Florencia.Angelis@company.com,part-time
538,Fred,Burkle,Fred.Burkle@company.com,part-time
539,Magdalena,Hepsibah,Magdalena.Hepsibah@company.com,full-time
540,Joelly,Gemini,Joelly.Gemini@company.com,full-time
541,Ida,McGrody,Ida.McGrody@company.com,part-time
542,Kassey,Gamaliel,Kassey.Gamaliel@company.com,part-time
543,Dode,Hull,Dode.Hull@company.com,full-time
544,Selma,Fillbert,Selma.Fillbert@company.com,contractor
545,Nadine,Duwalt,Nadine.Duwalt@company.com,part-time
546,Lanae,Annice,Lanae.Annice@company.com,contractor
547,Kittie,Alice,Kittie.Alice@company.com,contractor
548,Dulcinea,Norvol,Dulcinea.Norvol@company.com,part-time
549,Jsandye,Wooster,Jsandye.Wooster@company.com,part-time
550,Elmira,Regan,Elmira.Regan@company.com,part-time
551,Feliza,Cimbura,Feliza.Cimbura@company.com,contractor
552,Trudie,Byrne,Trudie.Byrne@company.com,full-time
553,Cristine,Winthorpe,Cristine.Winthorpe@company.com,full-time
554,Elfreda,Hepsibah,Elfreda.Hepsibah@company.com,contractor
555,Rosabelle,Ferrell,Rosabelle.Ferrell@company.com,full-time
556,Dorene,Halsey,Dorene.Halsey@company.com,contractor
557,Monika,Anestassia,Monika.Anestassia@company.com,full-time
558,Myriam,Barrus,Myriam.Barrus@company.com,part-time
559,Zaria,Hepsibah,Zaria.Hepsibah@company.com,part-time
560,Dulcinea,Tillford,Dulcinea.Tillford@company.com,full-time
561,Tybie,Weinreb,Tybie.Weinreb@company.com,contractor
562,Annaliese,Sabella,Annaliese.Sabella@company.com,contractor
563,Anallese,Lamoree,Anallese.Lamoree@company.com,part-time
564,Adele,Delila,Adele.Delila@company.com,full-time
565,Beverley,Eachern,Beverley.Eachern@company.com,part-time
566,Berta,Bakerman,Berta.Bakerman@company.com,part-time
567,Shaylyn,Idelia,Shaylyn.Idelia@company.com,part-time
568,Mureil,Berne,Mureil.Berne@company.com,part-time
569,Feliza,Wiener,Feliza.Wiener@company.com,full-time
570,Merle,Carmena,Merle.Carmena@company.com,contractor
571,Hannis,Dermott,Hannis.Dermott@company.com,part-time
572,Jenda,Natalia,Jenda.Natalia@company.com,contractor
573,Correy,Pond,Correy.Pond@company.com,part-time
574,Lory,Dermott,Lory.Dermott@company.com,contractor
575,Ninnetta,Myrilla,Ninnetta.Myrilla@company.com,contractor
576,Nannie,Levey,Nannie.Levey@company.com,part-time
577,Rebeca,Hutchison,Rebeca.Hutchison@company.com,contractor
578,Maryellen,Remmer,Maryellen.Remmer@company.com,full-time
579,Addia,Bryna,Addia.Bryna@company.com,full-time
580,Ingrid,Damarra,Ingrid.Damarra@company.com,full-time
581,Tatiania,Standing,Tatiania.Standing@company.com,contractor
582,Daryl,Horan,Daryl.Horan@company.com,part-time
583,Alyda,Ioab,Alyda.Ioab@company.com,contractor
584,Randa,Amethist,Randa.Amethist@company.com,contractor
585,Karly,Sheedy,Karly.Sheedy@company.com,part-time
586,Sabina,Casimir,Sabina.Casimir@company.com,part-time
587,Gwenneth,Noelyn,Gwenneth.Noelyn@company.com,part-time
588,Demetris,Corilla,Demetris.Corilla@company.com,part-time
589,Phylis,McAdams,Phylis.McAdams@company.com,part-time
590,Gabi,Daegal,Gabi.Daegal@company.com,part-time
591,Bobinette,Tillford,Bobinette.Tillford@company.com,full-time
592,Chere,Karl,Chere.Karl@company.com,part-time
593,Fred,Hachmin,Fred.Hachmin@company.com,part-time
594,Tobe,Warthman,Tobe.Warthman@company.com,full-time
595,Alexine,Infield,Alexine.Infield@company.com,part-time
596,Larine,Dom,Larine.Dom@company.com,part-time
597,Ira,Israeli,Ira.Israeli@company.com,full-time
598,Lonnie,Cecile,Lonnie.Cecile@company.com,full-time
599,Fredericka,Hertzfeld,Fredericka.Hertzfeld@company.com,full-time
600,Kamilah,Pip,Kamilah.Pip@company.com,part-time
601,Clo,Lucienne,Clo.Lucienne@company.com,part-time
602,Mureil,Rocray,Mureil.Rocray@company.com,part-time
603,Camile,Schenck,Camile.Schenck@company.com,full-time
604,Jsandye,Ader,Jsandye.Ader@company.com,contractor
605,Lorne,Naor,Lorne.Naor@company.com,full-time
606,Phylis,Cavan,Phylis.Cavan@company.com,full-time
607,Fayre,Bord,Fayre.Bord@company.com,contractor
608,Priscilla,Paine,Priscilla.Paine@company.com,full-time
609,Kristina,Schalles,Kristina.Schalles@company.com,contractor
610,Emma,Dichy,Emma.Dichy@company.com,part-time
611,Alisha,Louanna,Alisha.Louanna@company.com,part-time
612,Lanna,Lia,Lanna.Lia@company.com,full-time
613,Aaren,Bonilla,Aaren.Bonilla@company.com,contractor
614,Melisent,Bow,Melisent.Bow@company.com,contractor
615,Ketti,McAdams,Ketti.McAdams@company.com,full-time
616,Nickie,Presber,Nickie.Presber@company.com,full-time
617,Flo,Daveta,Flo.Daveta@company.com,full-time
618,Robinia,Iphlgenia,Robinia.Iphlgenia@company.com,part-time
619,Oona,Herrera,Oona.Herrera@company.com,full-time
620,Carly,Darbie,Carly.Darbie@company.com,full-time
621,Helsa,Fiester,Helsa.Fiester@company.com,full-time
622,Nariko,Poppy,Nariko.Poppy@company.com,contractor
623,Paule,Lanita,Paule.Lanita@company.com,contractor
624,Wilma,Harriman,Wilma.Harriman@company.com,full-time
625,Sissy,Shields,Sissy.Shields@company.com,full-time
626,Gloria,Merriott,Gloria.Merriott@company.com,part-time
627,Kimmy,Hanshaw,Kimmy.Hanshaw@company.com,contractor
628,Cristine,Curren,Cristine.Curren@company.com,part-time
629,Marcy,Kress,Marcy.Kress@company.com,full-time
630,Misha,Brotherson,Misha.Brotherson@company.com,contractor
631,Jsandye,Gualtiero,Jsandye.Gualtiero@company.com,full-time
632,Mallory,Erskine,Mallory.Erskine@company.com,part-time
633,Gwyneth,Dreda,Gwyneth.Dreda@company.com,part-time
634,Valli,Tillford,Valli.Tillford@company.com,full-time
635,Celestyna,Nunci,Celestyna.Nunci@company.com,contractor
636,Tami,Ball,Tami.Ball@company.com,full-time
637,Rosaline,Slifka,Rosaline.Slifka@company.com,contractor
638,Lucille,Daegal,Lucille.Daegal@company.com,contractor
639,Valera,Velick,Valera.Velick@company.com,contractor
640,Jan,Connelly,Jan.Connelly@company.com,part-time
641,Leona,Freddi,Leona.Freddi@company.com,full-time
642,Joleen,Markman,Joleen.Markman@company.com,part-time
643,Feliza,Ietta,Feliza.Ietta@company.com,contractor
644,Mildrid,Ventre,Mildrid.Ventre@company.com,contractor
645,Cacilie,Leary,Cacilie.Leary@company.com,contractor
646,Vivia,Carey,Vivia.Carey@company.com,contractor
647,Gui,Fredi,Gui.Fredi@company.com,part-time
648,Leeanne,Kylander,Leeanne.Kylander@company.com,contractor
649,Elyssa,Federica,Elyssa.Federica@company.com,contractor
650,Arabel,Kamaria,Arabel.Kamaria@company.com,part-time
651,Tera,Reneta,Tera.Reneta@company.com,full-time
652,Audrie,Dash,Audrie.Dash@company.com,full-time
653,Jan,Rheingold,Jan.Rheingold@company.com,contractor
654,Jerry,Septima,Jerry.Septima@company.com,part-time
655,Emmey,Georas,Emmey.Georas@company.com,full-time
656,Ilse,Read,Ilse.Read@company.com,part-time
657,Vinita,Glovsky,Vinita.Glovsky@company.com,contractor
658,Jolyn,Verger,Jolyn.Verger@company.com,part-time
659,Yvonne,Raama,Yvonne.Raama@company.com,contractor
660,Carmencita,Montgomery,Carmencita.Montgomery@company.com,part-time
661,Gale,Teryn,Gale.Teryn@company.com,full-time
662,Roz,My,Roz.My@company.com,full-time
663,Paola,Cristi,Paola.Cristi@company.com,full-time
664,Carilyn,Demitria,Carilyn.Demitria@company.com,contractor
665,Sophia,Modie,Sophia.Modie@company.com,full-time
666,Michaelina,Aurelio,Michaelina.Aurelio@company.com,contractor
667,Gilligan,Ax,Gilligan.Ax@company.com,full-time
668,Gertrud,Weide,Gertrud.Weide@company.com,contractor
669,Gisela,Destinee,Gisela.Destinee@company.com,part-time
670,Marcelline,Dermott,Marcelline.Dermott@company.com,contractor
671,Ira,Velick,Ira.Velick@company.com,full-time
672,Jemie,Fax,Jemie.Fax@company.com,contractor
673,Tatiania,Weinreb,Tatiania.Weinreb@company.com,part-time
674,Maud,Schenck,Maud.Schenck@company.com,full-time
675,Ida,Levey,Ida.Levey@company.com,full-time
676,Alie,Wolfgram,Alie.Wolfgram@company.com,contractor
677,Maurene,Matthew,Maurene.Matthew@company.com,full-time
678,Lenna,Darian,Lenna.Darian@company.com,full-time
679,Oona,Annabella,Oona.Annabella@company.com,contractor
680,Paule,Danby,Paule.Danby@company.com,full-time
681,Alexine,Kaja,Alexine.Kaja@company.com,part-time
682,Carilyn,Henrie,Carilyn.Henrie@company.com,contractor
683,Brynna,Joachim,Brynna.Joachim@company.com,full-time
684,Shauna,Stephie,Shauna.Stephie@company.com,full-time
685,Keelia,Mintz,Keelia.Mintz@company.com,part-time
686,Joy,Milde,Joy.Milde@company.com,full-time
687,Korrie,Aaberg,Korrie.Aaberg@company.com,contractor
688,Consuela,Maiah,Consuela.Maiah@company.com,part-time
689,Anica,Sandye,Anica.Sandye@company.com,full-time
690,Quintina,Rurik,Quintina.Rurik@company.com,part-time
691,Jessy,Cohdwell,Jessy.Cohdwell@company.com,full-time
692,Kary,Granoff,Kary.Granoff@company.com,contractor
693,Donetta,Westphal,Donetta.Westphal@company.com,part-time
694,Cherilyn,Vivle,Cherilyn.Vivle@company.com,part-time
695,Eadie,Bendick,Eadie.Bendick@company.com,contractor
696,Benita,Dermott,Benita.Dermott@company.com,contractor
697,Cassandra,Gemini,Cassandra.Gemini@company.com,part-time
698,Carol-Jean,Craggie,Carol-Jean.Craggie@company.com,full-time
699,Maurene,Kristi,Maurene.Kristi@company.com,part-time
700,Ronna,Plato,Ronna.Plato@company.com,contractor
701,Philis,Margret,Philis.Margret@company.com,part-time
702,Johna,Christine,Johna.Christine@company.com,part-time
703,Jenilee,Bergman,Jenilee.Bergman@company.com,part-time
704,Josephine,Riordan,Josephine.Riordan@company.com,contractor
705,Nadine,Phaidra,Nadine.Phaidra@company.com,full-time
706,Steffane,Darian,Steffane.Darian@company.com,full-time
707,Margalo,Garrison,Margalo.Garrison@company.com,full-time
708,Celene,Othilia,Celene.Othilia@company.com,full-time
709,Nananne,Baylor,Nananne.Baylor@company.com,contractor
710,Joceline,Hachmin,Joceline.Hachmin@company.com,part-time
711,Zia,Sprage,Zia.Sprage@company.com,contractor
712,Paulita,Deny,Paulita.Deny@company.com,contractor
713,Chandra,Elo,Chandra.Elo@company.com,full-time
714,Almeta,Norvol,Almeta.Norvol@company.com,part-time
715,Silvana,Shaver,Silvana.Shaver@company.com,part-time
716,Hope,Ader,Hope.Ader@company.com,full-time
717,Angelique,LaRue,Angelique.LaRue@company.com,contractor
718,Hildegaard,Lunsford,Hildegaard.Lunsford@company.com,contractor
719,Kamilah,Taima,Kamilah.Taima@company.com,contractor
720,Stevana,Kare,Stevana.Kare@company.com,contractor
721,Anica,Dimitris,Anica.Dimitris@company.com,part-time
722,Codie,Ramona,Codie.Ramona@company.com,full-time
723,Orelia,Kermit,Orelia.Kermit@company.com,part-time
724,Brietta,Pip,Brietta.Pip@company.com,full-time
725,Kylynn,Stefa,Kylynn.Stefa@company.com,full-time
726,Aaren,Kress,Aaren.Kress@company.com,full-time
727,Katleen,Pulsifer,Katleen.Pulsifer@company.com,part-time
728,Kathi,Honoria,Kathi.Honoria@company.com,contractor
729,Dode,Afton,Dode.Afton@company.com,contractor
730,Gerrie,Verger,Gerrie.Verger@company.com,part-time
731,Emilia,Stacy,Emilia.Stacy@company.com,full-time
732,Lizzie,Dreda,Lizzie.Dreda@company.com,part-time
733,Tiffie,Fax,Tiffie.Fax@company.com,full-time
734,Donnie,Wareing,Donnie.Wareing@company.com,full-time
735,Dorthy,Girardo,Dorthy.Girardo@company.com,contractor
736,Vinita,Malvino,Vinita.Malvino@company.com,full-time
737,Sashenka,Roscoe,Sashenka.Roscoe@company.com,contractor
738,Max,Kussell,Max.Kussell@company.com,contractor
739,Cyndie,Vernier,Cyndie.Vernier@company.com,full-time
740,Atlanta,Macey,Atlanta.Macey@company.com,part-time
741,Elora,Zitvaa,Elora.Zitvaa@company.com,contractor
742,Jaime,Gaynor,Jaime.Gaynor@company.com,contractor
743,Anica,Azeria,Anica.Azeria@company.com,full-time
744,Modestia,Egbert,Modestia.Egbert@company.com,contractor
745,Jerry,Kinnard,Jerry.Kinnard@company.com,full-time
746,Shannah,Kelula,Shannah.Kelula@company.com,full-time
747,Tarra,Libna,Tarra.Libna@company.com,full-time
748,Ofilia,Merna,Ofilia.Merna@company.com,contractor
749,Sam,Stacy,Sam.Stacy@company.com,full-time
750,Fredericka,Jammal,Fredericka.Jammal@company.com,contractor
751,Bernie,Bearnard,Bernie.Bearnard@company.com,contractor
752,Tomasina,Lynn,Tomasina.Lynn@company.com,full-time
753,Alie,Granoff,Alie.Granoff@company.com,contractor
754,Justinn,Cimbura,Justinn.Cimbura@company.com,part-time
755,Christy,Dermott,Christy.Dermott@company.com,contractor
756,Charissa,Hepsibah,Charissa.Hepsibah@company.com,contractor
757,Felice,Berne,Felice.Berne@company.com,full-time
758,Mahalia,Gilmour,Mahalia.Gilmour@company.com,contractor
759,Gloria,Hebner,Gloria.Hebner@company.com,part-time
760,Calla,Eugenia,Calla.Eugenia@company.com,contractor
761,Joleen,Madox,Joleen.Madox@company.com,full-time
762,Ricky,Shelba,Ricky.Shelba@company.com,contractor
763,Stephanie,Dannye,Stephanie.Dannye@company.com,part-time
764,Zaria,Sasnett,Zaria.Sasnett@company.com,full-time
765,Joceline,Buckler,Joceline.Buckler@company.com,contractor
766,Lacie,Iphlgenia,Lacie.Iphlgenia@company.com,full-time
767,Shell,Katrine,Shell.Katrine@company.com,full-time
768,Cassondra,Middleton,Cassondra.Middleton@company.com,contractor
769,Sindee,Neils,Sindee.Neils@company.com,contractor
770,Chastity,Romelda,Chastity.Romelda@company.com,full-time
771,Amii,Myrilla,Amii.Myrilla@company.com,contractor
772,Fayre,Creamer,Fayre.Creamer@company.com,contractor
773,Justinn,Rosalba,Justinn.Rosalba@company.com,full-time
774,Elbertina,Colleen,Elbertina.Colleen@company.com,part-time
775,Hermione,Genna,Hermione.Genna@company.com,full-time
776,Sadie,Ophelia,Sadie.Ophelia@company.com,contractor
777,Alia,Harriman,Alia.Harriman@company.com,part-time
778,Merci,Sidonius,Merci.Sidonius@company.com,full-time
779,Feliza,Carbo,Feliza.Carbo@company.com,full-time
780,Marylou,Vastah,Marylou.Vastah@company.com,contractor
781,Kalina,Malvino,Kalina.Malvino@company.com,full-time
782,Ethel,Jarib,Ethel.Jarib@company.com,contractor
783,Lorne,Dreda,Lorne.Dreda@company.com,part-time
784,Madeleine,Sancho,Madeleine.Sancho@company.com,part-time
785,Verla,Trey,Verla.Trey@company.com,contractor
786,Aryn,Janith,Aryn.Janith@company.com,contractor
787,Sonni,Vary,Sonni.Vary@company.com,full-time
788,Chrystel,Goth,Chrystel.Goth@company.com,full-time
789,Noelle,Roscoe,Noelle.Roscoe@company.com,contractor
790,Alia,Kiersten,Alia.Kiersten@company.com,contractor
791,Demetris,Bandeen,Demetris.Bandeen@company.com,part-time
792,Hope,Zetta,Hope.Zetta@company.com,full-time
793,Di,Alabaster,Di.Alabaster@company.com,contractor
794,Nannie,Sheng,Nannie.Sheng@company.com,full-time
795,Lila,Fadiman,Lila.Fadiman@company.com,full-time
796,Renie,Callista,Renie.Callista@company.com,contractor
797,Desirae,Hortensia,Desirae.Hortensia@company.com,contractor
798,Linet,Brunell,Linet.Brunell@company.com,full-time
799,Annora,Winnick,Annora.Winnick@company.com,full-time
800,Lacie,Zaslow,Lacie.Zaslow@company.com,full-time
801,Alejandra,Woodberry,Alejandra.Woodberry@company.com,part-time
802,Henriette,Elbertina,Henriette.Elbertina@company.com,contractor
803,Tina,Edison,Tina.Edison@company.com,part-time
804,Myrtice,Arathorn,Myrtice.Arathorn@company.com,contractor
805,Sherrie,Leifeste,Sherrie.Leifeste@company.com,contractor
806,Katuscha,Anyah,Katuscha.Anyah@company.com,part-time
807,Paola,Lea,Paola.Lea@company.com,part-time
808,Chere,Greenwald,Chere.Greenwald@company.com,contractor
809,Jany,Weitman,Jany.Weitman@company.com,full-time
810,Adore,Thad,Adore.Thad@company.com,full-time
811,Neila,Wilkinson,Neila.Wilkinson@company.com,full-time
812,Micheline,Angelis,Micheline.Angelis@company.com,full-time
813,Valli,Hewitt,Valli.Hewitt@company.com,contractor
814,Marline,Sasnett,Marline.Sasnett@company.com,contractor
815,Dorice,Amethist,Dorice.Amethist@company.com,contractor
816,Modestia,Ade,Modestia.Ade@company.com,contractor
817,Cyb,Zachary,Cyb.Zachary@company.com,full-time
818,Kathy,Havens,Kathy.Havens@company.com,contractor
819,Harmonia,Land,Harmonia.Land@company.com,part-time
820,Leanna,Elvyn,Leanna.Elvyn@company.com,full-time
821,Kaja,Ophelia,Kaja.Ophelia@company.com,part-time
822,Harrietta,Persse,Harrietta.Persse@company.com,full-time
823,Lolita,Izaak,Lolita.Izaak@company.com,part-time
824,Harrietta,Elephus,Harrietta.Elephus@company.com,full-time
825,Mary,Knowling,Mary.Knowling@company.com,contractor
826,Meriel,Travax,Meriel.Travax@company.com,part-time
827,Claudina,Carey,Claudina.Carey@company.com,contractor
828,Tracey,Fleeta,Tracey.Fleeta@company.com,full-time
829,Gusella,Charity,Gusella.Charity@company.com,part-time
830,Roxane,Lory,Roxane.Lory@company.com,full-time
831,Jordan,Zitvaa,Jordan.Zitvaa@company.com,full-time
832,Giustina,Gwenore,Giustina.Gwenore@company.com,full-time
833,Shirlee,Florina,Shirlee.Florina@company.com,part-time
834,Linet,Bettine,Linet.Bettine@company.com,contractor
835,Gui,Charmine,Gui.Charmine@company.com,part-time
836,Felice,Denis,Felice.Denis@company.com,part-time
837,Helena,Tippets,Helena.Tippets@company.com,full-time
838,Celene,Telfer,Celene.Telfer@company.com,contractor
839,Shirlee,Hoenack,Shirlee.Hoenack@company.com,part-time
840,Charissa,Cloris,Charissa.Cloris@company.com,contractor
841,Katharina,Libna,Katharina.Libna@company.com,part-time
842,Claresta,Heidt,Claresta.Heidt@company.com,full-time
843,Ofilia,Taima,Ofilia.Taima@company.com,contractor
844,Marnia,Bord,Marnia.Bord@company.com,part-time
845,Laurene,Blake,Laurene.Blake@company.com,full-time
846,Georgina,Alcott,Georgina.Alcott@company.com,part-time
847,Demetris,Erb,Demetris.Erb@company.com,contractor
848,Luci,Dalli,Luci.Dalli@company.com,part-time
849,Jinny,Eno,Jinny.Eno@company.com,full-time
850,Estell,Jillane,Estell.Jillane@company.com,contractor
851,Susette,Tristram,Susette.Tristram@company.com,part-time
852,Kaja,Robertson,Kaja.Robertson@company.com,part-time
853,Flory,Maribeth,Flory.Maribeth@company.com,part-time
854,Frances,Diogenes,Frances.Diogenes@company.com,contractor
855,Ofilia,Martsen,Ofilia.Martsen@company.com,contractor
856,Elie,Ethban,Elie.Ethban@company.com,part-time
857,Karly,Connelly,Karly.Connelly@company.com,part-time
858,Phedra,Levey,Phedra.Levey@company.com,contractor
859,Vere,Strephon,Vere.Strephon@company.com,full-time
860,Melanie,Eldrid,Melanie.Eldrid@company.com,contractor
861,Marnia,Adrienne,Marnia.Adrienne@company.com,full-time
862,Rochette,Haerr,Rochette.Haerr@company.com,full-time
863,Tani,Kravits,Tani.Kravits@company.com,contractor
864,Aaren,Kevon,Aaren.Kevon@company.com,contractor
865,Ulrike,Felecia,Ulrike.Felecia@company.com,contractor
866,Genevra,Mallon,Genevra.Mallon@company.com,part-time
867,Frieda,Erminia,Frieda.Erminia@company.com,contractor
868,Alexine,Ball,Alexine.Ball@company.com,part-time
869,Fred,Hewitt,Fred.Hewitt@company.com,contractor
870,Reeba,Craggie,Reeba.Craggie@company.com,contractor
871,Christian,Rad,Christian.Rad@company.com,part-time
872,Joane,Tengdin,Joane.Tengdin@company.com,part-time
873,Annaliese,Pond,Annaliese.Pond@company.com,part-time
874,Carmela,Zitvaa,Carmela.Zitvaa@company.com,contractor
875,Sheelagh,Anderea,Sheelagh.Anderea@company.com,contractor
876,Joeann,Selway,Joeann.Selway@company.com,part-time
877,Paulita,Candy,Paulita.Candy@company.com,part-time
878,Meriel,Howlyn,Meriel.Howlyn@company.com,part-time
879,Ulrike,Harriman,Ulrike.Harriman@company.com,part-time
880,Kirbee,Pierette,Kirbee.Pierette@company.com,contractor
881,Bobbi,Rhu,Bobbi.Rhu@company.com,full-time
882,Sherrie,Flita,Sherrie.Flita@company.com,part-time
883,Bernardine,Alcott,Bernardine.Alcott@company.com,part-time
884,Elbertina,Huggins,Elbertina.Huggins@company.com,full-time
885,Sibella,Keily,Sibella.Keily@company.com,part-time
886,Tracey,Destinee,Tracey.Destinee@company.com,contractor
887,Shel,Alejoa,Shel.Alejoa@company.com,full-time
888,Karolina,Demitria,Karolina.Demitria@company.com,full-time
889,Cristabel,Palocz,Cristabel.Palocz@company.com,full-time
890,Judy,Crudden,Judy.Crudden@company.com,contractor
891,Elka,Adalbert,Elka.Adalbert@company.com,full-time
892,Clementine,Zeeba,Clementine.Zeeba@company.com,part-time
893,Lynea,Carey,Lynea.Carey@company.com,part-time
894,Concettina,Nadia,Concettina.Nadia@company.com,part-time
895,Livvyy,Shaver,Livvyy.Shaver@company.com,contractor
896,Layla,Erb,Layla.Erb@company.com,full-time
897,Jaclyn,Brady,Jaclyn.Brady@company.com,contractor
898,Wileen,Clara,Wileen.Clara@company.com,part-time
899,Elena,Even,Elena.Even@company.com,full-time
900,Celestyna,Kirstin,Celestyna.Kirstin@company.com,part-time
901,Gretal,Mallon,Gretal.Mallon@company.com,contractor
902,Celestyna,Leifeste,Celestyna.Leifeste@company.com,contractor
903,Carmencita,Holbrook,Carmencita.Holbrook@company.com,contractor
904,Orsola,Kussell,Orsola.Kussell@company.com,contractor
905,Marika,Campball,Marika.Campball@company.com,contractor
906,Sibella,Lynn,Sibella.Lynn@company.com,contractor
907,Ashlee,Hedve,Ashlee.Hedve@company.com,part-time
908,Elyssa,Fax,Elyssa.Fax@company.com,part-time
909,Jerry,Amethist,Jerry.Amethist@company.com,full-time
910,Babita,Naashom,Babita.Naashom@company.com,contractor
911,Gilda,Odell,Gilda.Odell@company.com,part-time
912,Shaylyn,Hashim,Shaylyn.Hashim@company.com,part-time
913,Silvana,Georas,Silvana.Georas@company.com,part-time
914,Alexine,Sawtelle,Alexine.Sawtelle@company.com,full-time
915,Janenna,Goode,Janenna.Goode@company.com,contractor
916,Maryellen,Sundin,Maryellen.Sundin@company.com,full-time
917,Janenna,Maroney,Janenna.Maroney@company.com,contractor
918,Morganica,Jenness,Morganica.Jenness@company.com,full-time
919,Leona,Muriel,Leona.Muriel@company.com,part-time
920,Kathi,Pitt,Kathi.Pitt@company.com,part-time
921,Noelle,Melan,Noelle.Melan@company.com,full-time
922,Gertrud,Glovsky,Gertrud.Glovsky@company.com,full-time
923,Caryl,Lory,Caryl.Lory@company.com,full-time
924,Cristine,Hazlett,Cristine.Hazlett@company.com,full-time
925,Starla,Ricki,Starla.Ricki@company.com,contractor
926,Sandie,Matthew,Sandie.Matthew@company.com,full-time
927,Susette,Dawkins,Susette.Dawkins@company.com,full-time
928,Chastity,Donell,Chastity.Donell@company.com,contractor
929,Ayn,Yerkovich,Ayn.Yerkovich@company.com,full-time
930,Brynna,Daveta,Brynna.Daveta@company.com,part-time
931,Madeleine,Gusella,Madeleine.Gusella@company.com,part-time
932,Cindelyn,Nester,Cindelyn.Nester@company.com,full-time
933,Aurore,Peg,Aurore.Peg@company.com,part-time
934,Lulita,Cleavland,Lulita.Cleavland@company.com,contractor
935,Dari,Couture,Dari.Couture@company.com,part-time
936,Zondra,Stoller,Zondra.Stoller@company.com,contractor
937,Gui,Diogenes,Gui.Diogenes@company.com,contractor
938,Kathy,Waite,Kathy.Waite@company.com,contractor
939,Pollyanna,Means,Pollyanna.Means@company.com,full-time
940,Hollie,Kravits,Hollie.Kravits@company.com,part-time
941,Max,Emerson,Max.Emerson@company.com,contractor
942,Bee,Florina,Bee.Florina@company.com,contractor
943,Tybie,Hermes,Tybie.Hermes@company.com,part-time
944,Orsola,Shaddock,Orsola.Shaddock@company.com,contractor
945,Lory,Uird,Lory.Uird@company.com,full-time
946,Donnie,Norvol,Donnie.Norvol@company.com,full-time
947,Theodora,Brittani,Theodora.Brittani@company.com,part-time
948,Ronna,My,Ronna.My@company.com,part-time
949,Ernesta,Mich,Ernesta.Mich@company.com,part-time
950,Dennie,Cyrie,Dennie.Cyrie@company.com,contractor
951,Alia,Fabiola,Alia.Fabiola@company.com,full-time
952,Florencia,Morrill,Florencia.Morrill@company.com,part-time
953,Annecorinne,Rosemary,Annecorinne.Rosemary@company.com,contractor
954,Leanna,Shaver,Leanna.Shaver@company.com,contractor
955,Iseabal,Alice,Iseabal.Alice@company.com,full-time
956,Brena,Colyer,Brena.Colyer@company.com,full-time
957,Marti,Gibbeon,Marti.Gibbeon@company.com,part-time
958,Maridel,Cordi,Maridel.Cordi@company.com,full-time
959,Deane,Vharat,Deane.Vharat@company.com,part-time
960,Bobbi,Vilma,Bobbi.Vilma@company.com,part-time
961,Blondelle,Narton,Blondelle.Narton@company.com,full-time
962,Hollie,O'Rourke,Hollie.O'Rourke@company.com,part-time
963,Shaine,Melan,Shaine.Melan@company.com,full-time
964,Albertina,Ovid,Albertina.Ovid@company.com,contractor
965,Madeleine,Calhoun,Madeleine.Calhoun@company.com,contractor
966,Brooks,Kimmie,Brooks.Kimmie@company.com,contractor
967,Glenda,Annice,Glenda.Annice@company.com,contractor
968,Neila,Vivle,Neila.Vivle@company.com,contractor
969,Mildrid,Baudin,Mildrid.Baudin@company.com,contractor
970,Dianemarie,Kinnard,Dianemarie.Kinnard@company.com,part-time
971,Adele,Anastatius,Adele.Anastatius@company.com,part-time
972,Patricia,Earlie,Patricia.Earlie@company.com,contractor
973,Roberta,Percy,Roberta.Percy@company.com,part-time
974,Alie,Stav,Alie.Stav@company.com,full-time
975,Maridel,Codding,Maridel.Codding@company.com,full-time
976,Clo,Vorster,Clo.Vorster@company.com,part-time
977,Cassondra,Edee,Cassondra.Edee@company.com,contractor
978,Corene,Paton,Corene.Paton@company.com,contractor
979,Leontine,Dreda,Leontine.Dreda@company.com,part-time
980,Jacquetta,Wooster,Jacquetta.Wooster@company.com,full-time
981,Xylina,Vary,Xylina.Vary@company.com,full-time
982,Emmey,Brieta,Emmey.Brieta@company.com,contractor
983,Debee,Clywd,Debee.Clywd@company.com,contractor
984,Sissy,Joseph,Sissy.Joseph@company.com,full-time
985,Tori,Burch,Tori.Burch@company.com,full-time
986,Cissiee,Pandolfi,Cissiee.Pandolfi@company.com,part-time
987,Ulrike,MacIntosh,Ulrike.MacIntosh@company.com,part-time
988,Elvira,Smitt,Elvira.Smitt@company.com,part-time
989,Kelly,Sprage,Kelly.Sprage@company.com,part-time
990,Marsiella,Karna,Marsiella.Karna@company.com,contractor
991,Orsola,Lipson,Orsola.Lipson@company.com,contractor
992,Concettina,Mehalek,Concettina.Mehalek@company.com,full-time
993,Teriann,Curren,Teriann.Curren@company.com,part-time
994,Leona,Henebry,Leona.Henebry@company.com,part-time
995,Queenie,Catie,Queenie.Catie@company.com,full-time
996,Leanna,Solitta,Leanna.Solitta@company.com,part-time
997,Emma,Mich,Emma.Mich@company.com,contractor
998,Kamilah,Prouty,Kamilah.Prouty@company.com,contractor
999,Zia,Brittani,Zia.Brittani@company.com,full-time
1000,Minda,Kevon,Minda.Kevon@company.com,full-time
1001,Feliza,Burch,Feliza.Burch@company.com,part-time
1002,Maye,Dowski,Maye.Dowski@company.com,full-time
1003,Genevra,Autrey,Genevra.Autrey@company.com,contractor
1004,Lelah,Madaih,Lelah.Madaih@company.com,full-time
1005,Jeanna,Chick,Jeanna.Chick@company.com,part-time
1006,Pierette,Lipson,Pierette.Lipson@company.com,part-time
1007,Eolanda,Tamsky,Eolanda.Tamsky@company.com,part-time
1008,Ekaterina,Dielu,Ekaterina.Dielu@company.com,full-time
1009,Hallie,Casimir,Hallie.Casimir@company.com,part-time
1010,Reeba,Richers,Reeba.Richers@company.com,part-time
1011,Marcelline,Merell,Marcelline.Merell@company.com,full-time
1012,Blondelle,Sabella,Blondelle.Sabella@company.com,part-time
1013,Belinda,Sidonius,Belinda.Sidonius@company.com,contractor
1014,Eve,Infield,Eve.Infield@company.com,part-time
1015,Imojean,Carey,Imojean.Carey@company.com,full-time
1016,Annice,Niccolo,Annice.Niccolo@company.com,part-time
1017,Ayn,Lauraine,Ayn.Lauraine@company.com,full-time
1018,Albertina,Burkle,Albertina.Burkle@company.com,contractor
1019,Corene,Wittie,Corene.Wittie@company.com,part-time
1020,Chloris,Hathaway,Chloris.Hathaway@company.com,contractor
1021,Genevra,Land,Genevra.Land@company.com,contractor
1022,Valli,Annabella,Valli.Annabella@company.com,contractor
1023,Dotty,Gwenore,Dotty.Gwenore@company.com,part-time
1024,Luci,Rad,Luci.Rad@company.com,full-time
1025,Elmira,Sheedy,Elmira.Sheedy@company.com,full-time
1026,Rosabelle,Selway,Rosabelle.Selway@company.com,contractor
1027,Morganica,Ethban,Morganica.Ethban@company.com,contractor
1028,Jackie,Chick,Jackie.Chick@company.com,contractor
1029,Adriana,Urias,Adriana.Urias@company.com,part-time
1030,Brana,Baylor,Brana.Baylor@company.com,contractor
1031,Jenda,Vins,Jenda.Vins@company.com,full-time
1032,Trixi,Jehu,Trixi.Jehu@company.com,part-time
1033,Farrah,Couture,Farrah.Couture@company.com,part-time
1034,Dawn,Forrer,Dawn.Forrer@company.com,part-time
1035,Jenda,Florina,Jenda.Florina@company.com,part-time
1036,Nannie,Valerio,Nannie.Valerio@company.com,part-time
1037,Marinna,Ilka,Marinna.Ilka@company.com,full-time
1038,Sissy,Tyson,Sissy.Tyson@company.com,full-time
1039,Regina,Alejoa,Regina.Alejoa@company.com,contractor
1040,Delilah,Margarete,Delilah.Margarete@company.com,part-time
1041,Andree,Lareena,Andree.Lareena@company.com,contractor
1042,Allyce,Jerold,Allyce.Jerold@company.com,contractor
1043,Annaliese,Clie,Annaliese.Clie@company.com,contractor
1044,Ilse,Viddah,Ilse.Viddah@company.com,part-time
1045,Stevana,Abernon,Stevana.Abernon@company.com,full-time
1046,Nananne,Hermes,Nananne.Hermes@company.com,contractor
1047,Eugine,Tufts,Eugine.Tufts@company.com,full-time
1048,Oralee,Durante,Oralee.Durante@company.com,full-time
1049,Chandra,Codding,Chandra.Codding@company.com,full-time
1050,Vita,Reneta,Vita.Reneta@company.com,contractor
1051,Dagmar,Vary,Dagmar.Vary@company.com,part-time
1052,Gisela,Leffen,Gisela.Leffen@company.com,full-time
1053,Atlanta,Schenck,Atlanta.Schenck@company.com,full-time
1054,Harrietta,Palocz,Harrietta.Palocz@company.com,contractor
1055,Lita,Daveta,Lita.Daveta@company.com,part-time
1056,Fawne,Goode,Fawne.Goode@company.com,full-time
1057,Judy,Whiffen,Judy.Whiffen@company.com,contractor
1058,Wilma,Vharat,Wilma.Vharat@company.com,contractor
1059,Abbie,Khorma,Abbie.Khorma@company.com,part-time
1060,Daphne,Fax,Daphne.Fax@company.com,contractor
1061,Veda,Bevin,Veda.Bevin@company.com,part-time
1062,Ebonee,Kussell,Ebonee.Kussell@company.com,full-time
1063,Shaine,Rebecka,Shaine.Rebecka@company.com,full-time
1064,Meg,Hirsch,Meg.Hirsch@company.com,part-time
1065,Tressa,Secrest,Tressa.Secrest@company.com,part-time
1066,Kayla,Peti,Kayla.Peti@company.com,full-time
1067,Mamie,Annabella,Mamie.Annabella@company.com,part-time
1068,Phylis,Deny,Phylis.Deny@company.com,full-time
1069,Jinny,Karna,Jinny.Karna@company.com,part-time
1070,Myrtice,Earlie,Myrtice.Earlie@company.com,full-time
1071,Siana,Felecia,Siana.Felecia@company.com,full-time
1072,Kayla,Casimir,Kayla.Casimir@company.com
1073,Darlleen,Luhe,Darlleen.Luhe@company.com,part-time
1074,Roz,Mehalek,Roz.Mehalek@company.com,part-time
1075,Carol-Jean,Firmin,Carol-Jean.Firmin@company.com,part-time
1076,Angelique,Bibi,Angelique.Bibi@company.com,full-time
1077,Romona,Lilas,Romona.Lilas@company.com,full-time
1078,Arabel,Chaing,Arabel.Chaing@company.com,contractor
1079,Therine,Lia,Therine.Lia@company.com,full-time
1080,Celene,Karylin,Celene.Karylin@company.com,full-time
1081,Rosabelle,Helve,Rosabelle.Helve@company.com,contractor
1082,Adelle,Sadowski,Adelle.Sadowski@company.com,full-time
1083,Brana,Markman,Brana.Markman@company.com,part-time
1084,Beverley,Francyne,Beverley.Francyne@company.com,part-time
1085,Katharina,Delp,Katharina.Delp@company.com,part-time
1086,Joelly,Ummersen,Joelly.Ummersen@company.com,part-time
1087,Delilah,Chandler,Delilah.Chandler@company.com,contractor
1088,Misha,Linehan,Misha.Linehan@company.com,part-time
1089,Rebeca,Dreda,Rebeca.Dreda@company.com,part-time
1090,Emilia,Zetta,Emilia.Zetta@company.com,contractor
1091,Silvana,Jorgan,Silvana.Jorgan@company.com,part-time
1092,Silvana,Goldina,Silvana.Goldina@company.com,part-time
1093,Nataline,Belldas,Nataline.Belldas@company.com,part-time
1094,Ginnie,Kat,Ginnie.Kat@company.com,full-time
1095,Cristabel,Creamer,Cristabel.Creamer@company.com,part-time
1096,Hettie,Tiffa,Hettie.Tiffa@company.com,part-time
1097,Jaclyn,Rhu,Jaclyn.Rhu@company.com,full-time
1098,Dania,Henrie,Dania.Henrie@company.com,contractor
1099,Charlena,Gale,Charlena.Gale@company.com,full-time
